time [s],inspiration [s](/api/datatype/34/)
48.5703125,27649
110.0234375,27652
